<?xml version="1.0"?>
<!DOCTYPE module PUBLIC
          "-//Checkstyle//DTD Checkstyle Configuration 1.3//EN"
          "https://checkstyle.org/dtds/configuration_1_3.dtd">
<module name="Checker">
	<module name="RegexpMultiline">
		<property name="format" value="(?s:(\r\n|\r).*)" />
		<property name="message"
			value="CRLF and CR line endings are prohibited, but this file uses them." />
	</module>
	<module name="RegexpHeader">
		<property name="headerFile" value="config/licenseheader" />
		<property name="fileExtensions" value="java" />
	</module>
	<module name="FileTabCharacter" />
</module>
